block_number,timestamp,tx_index,tx_hash,from,to,input,decode_type,prefix,dest_evm,dest_move,dest_base58,dest_base58_hex,dest_solana_like,dest_xrp,dest_initia,dest_initia_hex,chain_ids,decode_error
35101229,1756991805,81,0xf0e5f42e45a666e5ac5217826a735f0fc14ff13c0fcfb466f8fc7756b4127128,0x427cb8ed6c8b25dac04f7fe0061e70c90ef68b29,0x391e7c679d29bd940d63be94ad22a25d25b5a604,0x0101ae,SELF,0x01,,,,,,,,,"[{""id"":430,""name"":""HyperEVM"",""nativeId"":999}]",
35101234,1756991815,195,0x45293f6249ef8634e964aee7aceb9fca3934d481786e25fff43fbf5f65f7a50c,0x59139d70ff6908b25c90f07b924ca80c51c43b2d,0x391e7c679d29bd940d63be94ad22a25d25b5a604,0x0101e5,SELF,0x01,,,,,,,,,"[{""id"":485,""name"":""Katana"",""nativeId"":747474}]",
35101248,1756991843,167,0x199d25a4036d02a5ac871bc4e48c5a1ec56dd3d7e853f77e250b264f12c35996,0x6f686b152869b4b68a8d323d196c37de7b859812,0x391e7c679d29bd940d63be94ad22a25d25b5a604,0x0100f0,SELF,0x01,,,,,,,,,"[{""id"":240,""name"":""Gravity"",""nativeId"":1625}]",
35101248,1756991843,212,0xedf5c7d0f0a6145683e3db2fab5d21e01bb2d72a6bab7ced8d9fe19c5b6c3082,0xa361c35e9c8f49eeb5b39629689b7c6ee5c2be4a,0x391e7c679d29bd940d63be94ad22a25d25b5a604,0x02185c04cdd6c8db95909b2459def0dd0a29a3a3ad00ff,EVM,0x02,0x185c04cdd6c8db95909b2459def0dd0a29a3a3ad,,,,,,,,"[{""id"":255,""name"":""Ethereum"",""nativeId"":1}]",
35101252,1756991851,65,0x17663d80d2b22aa253304b98eb1ca307cc27a45501896c2ce41c5253f8e51edf,0x068de19ce0b8f2cbabd943417f27e777cc0972c4,0x391e7c679d29bd940d63be94ad22a25d25b5a604,0x010039,SELF,0x01,,,,,,,,,"[{""id"":57,""name"":""Arbitrum One"",""nativeId"":42161}]",
35101262,1756991871,126,0x61ccb41633a4b9295d5ce8d0d74b6ce745e5428a8dcb789823ec4c30d6ff57b9,0x431c75e5a084e80501402ddd703f9df6f6c240cf,0x391e7c679d29bd940d63be94ad22a25d25b5a604,0x0101ae,SELF,0x01,,,,,,,,,"[{""id"":430,""name"":""HyperEVM"",""nativeId"":999}]",
35101267,1756991881,17,0x10b4a67f1ba73ea2dc2bf1a3b99b3a3ac360d3d46b5938aa27f310f1b522fae7,0xa1e00ac58bf4c22c451216c7caefb906f1d20eb5,0x391e7c679d29bd940d63be94ad22a25d25b5a604,0x0100ff,SELF,0x01,,,,,,,,,"[{""id"":255,""name"":""Ethereum"",""nativeId"":1}]",
35101267,1756991881,124,0x1c5606e4db8e4f96d50fb0979bc159d49214abba6698f114e01bf4c594a50b0b,0x09dfa0d77125978997dd9f94a0f870d3f2900da5,0x391e7c679d29bd940d63be94ad22a25d25b5a604,0x010039,SELF,0x01,,,,,,,,,"[{""id"":57,""name"":""Arbitrum One"",""nativeId"":42161}]",
35101271,1756991889,138,0x9a55cec3c2cfc1afff46eff4ed19ab2b356efb0a679334902a9c14318b283e0b,0xdf9c23e9de78212f41e3ae40660c197735d35c40,0x391e7c679d29bd940d63be94ad22a25d25b5a604,0x0101ae,SELF,0x01,,,,,,,,,"[{""id"":430,""name"":""HyperEVM"",""nativeId"":999}]",
35101275,1756991897,60,0x418286cdfb8f1c30f48a667c256f99421da1d5329339b29036bc3c12e9287393,0x4b787ea73ef189fc900514186e89c519a532666d,0x391e7c679d29bd940d63be94ad22a25d25b5a604,0x01003b,SELF,0x01,,,,,,,,,"[{""id"":59,""name"":""Linea"",""nativeId"":59144}]",
35101282,1756991911,67,0xbf6b82a1e1340b2b5e2d244727e651e2a8988420f7874b23ae1705e6b51ea001,0x1663c4b25340fbd21dd0181bf45ca13f29954ea6,0x391e7c679d29bd940d63be94ad22a25d25b5a604,0x0223cbf77ae392ea60b8ff42441f5beae0b63616820036,EVM,0x02,0x23cbf77ae392ea60b8ff42441f5beae0b6361682,,,,,,,,"[{""id"":54,""name"":""Base Mainnet"",""nativeId"":8453}]",
35101297,1756991941,15,0x43fe32994084b68ee59afc537f18e86f8847df20868ff27b2ec9be72a6c065df,0x5661328304d88ed60e096f71cd0d012726a272c7,0x391e7c679d29bd940d63be94ad22a25d25b5a604,0x0101ae,SELF,0x01,,,,,,,,,"[{""id"":430,""name"":""HyperEVM"",""nativeId"":999}]",
35101302,1756991951,100,0xa927b4fb27996e796f06039b0c5b8814cd11ba536a8bfc1db7d2095f0bae0c16,0x493b34aa14c4ab76775d11694fe2710157e1a6a2,0x391e7c679d29bd940d63be94ad22a25d25b5a604,0x0101ae,SELF,0x01,,,,,,,,,"[{""id"":430,""name"":""HyperEVM"",""nativeId"":999}]",
35101310,1756991967,187,0x356a48656831780c9ff9815446e0849ad3fc2d27a766e52cfc73936ed0a860d4,0x4769d47b2192cb78f0844d579735dcafffe7776d,0x391e7c679d29bd940d63be94ad22a25d25b5a604,0x0101ae,SELF,0x01,,,,,,,,,"[{""id"":430,""name"":""HyperEVM"",""nativeId"":999}]",
35101311,1756991969,69,0x4a05c5ebf15df07899acb12d3e4b0ea6ce820db9e8316c96b6f8eb7cc814d370,0x3c5280df2f0ed3dd2f0ef7ac158980b704020944,0x391e7c679d29bd940d63be94ad22a25d25b5a604,0x01000e,SELF,0x01,,,,,,,,,"[{""id"":14,""name"":""BSC Mainnet"",""nativeId"":56}]",
35101312,1756991971,206,0xe09164b8e1d23df734083750a58057a2fd076c8ea85d9f3464e6dfde4cec0724,0x3b1973b2c8ba649928f1f3c29f1932aaaded728f,0x391e7c679d29bd940d63be94ad22a25d25b5a604,0x0101ae,SELF,0x01,,,,,,,,,"[{""id"":430,""name"":""HyperEVM"",""nativeId"":999}]",
35101319,1756991985,53,0x7d2dced0d4fc1f4e0aa12b220c253c0396c9880a117a8ffbc3be1e414baa709c,0x37a86b2442d89e61cd2efda395e9221f101e0748,0x391e7c679d29bd940d63be94ad22a25d25b5a604,0x03a192dfb6f3338d5f277229bd2f5d837756b2d884bccd20639b1994ab6df0f5ca00f5,BASE58,0x03,,,BsiY3ut886p9xatr65PDisHJcWQnUAHKQVD6D7fQ89q3,0xa192dfb6f3338d5f277229bd2f5d837756b2d884bccd20639b1994ab6df0f5ca,true,,,,"[{""id"":245,""name"":""Solana"",""nativeId"":501474}]",
35101327,1756992001,146,0xc137752eb271dc7f81a6febb975ff4c17c6f676e9ade575c3a913fe99e7d11e3,0x8df2498720364ce3e47b99763c1258911ef1f4a0,0x391e7c679d29bd940d63be94ad22a25d25b5a604,0x0100ff,SELF,0x01,,,,,,,,,"[{""id"":255,""name"":""Ethereum"",""nativeId"":1}]",
35101338,1756992023,202,0x1a3de72d3a449a2950eb9fd79e8aaf7d0d9538d7da1ff720071cbb1975df1883,0x3e0b12cba1f57f9e5cc265058d133a3e7fcab4be,0x391e7c679d29bd940d63be94ad22a25d25b5a604,0x0101ae,SELF,0x01,,,,,,,,,"[{""id"":430,""name"":""HyperEVM"",""nativeId"":999}]",
35101341,1756992029,87,0x11c55d971968f1ab91ef3121148d677fd1a292a983c482348b091b2164525ec0,0xf1d97e43553a64bf75e801163f59ddb1012f4b99,0x391e7c679d29bd940d63be94ad22a25d25b5a604,0x0100ff,SELF,0x01,,,,,,,,,"[{""id"":255,""name"":""Ethereum"",""nativeId"":1}]",
35101345,1756992037,145,0x0d7d705e13514af86e477c80802f3624cf4f47184b41310bb58e8f8e0f404383,0xda17a2a669fc8af4487d9356c6cb77a15d2b81f5,0x391e7c679d29bd940d63be94ad22a25d25b5a604,0x0100ff,SELF,0x01,,,,,,,,,"[{""id"":255,""name"":""Ethereum"",""nativeId"":1}]",
35101346,1756992039,29,0x5248f6a6e925e7bb7d3baf6177a384c19c1fb87be2f6644f1864046ea9082dab,0xdbb4cba9edf95245ca910a12f6e1ec473c087461,0x391e7c679d29bd940d63be94ad22a25d25b5a604,0x010154,SELF,0x01,,,,,,,,,"[{""id"":340,""name"":""Morph"",""nativeId"":2818}]",
35101349,1756992045,170,0x56c432b6d0c025e9410011560c21823e471b14dc6aeea394a0711f20fa4952de,0xa4e5fcc5d6ba73175e47db5655acd0020fdabd87,0x391e7c679d29bd940d63be94ad22a25d25b5a604,0x0101ae,SELF,0x01,,,,,,,,,"[{""id"":430,""name"":""HyperEVM"",""nativeId"":999}]",
35101356,1756992059,41,0x14bbdc89b3a0af860e14c052dcf843122f7a77acce75d9aa0385b1dcce684b38,0x84483fd26d4348d6fcb683fbc6ce75739d0e2322,0x391e7c679d29bd940d63be94ad22a25d25b5a604,0x0101ae,SELF,0x01,,,,,,,,,"[{""id"":430,""name"":""HyperEVM"",""nativeId"":999}]",
35101358,1756992063,215,0xa27794b61806d8040c2ea4afd65ae4a40ad30dd14ccb55393be3afb2e792a5f1,0x6367a156623e2c42262384934f2c34f7a93aa1a5,0x391e7c679d29bd940d63be94ad22a25d25b5a604,0x0101b1,SELF,0x01,,,,,,,,,"[{""id"":433}]",
35101364,1756992075,43,0xd636c521b6a5e663338431cbc028687f3811cdb057c1482997c72964a3c28619,0x8e5ef94574e6a96ef961ae4bb9ef476c0b7205f6,0x391e7c679d29bd940d63be94ad22a25d25b5a604,0x0101ae,SELF,0x01,,,,,,,,,"[{""id"":430,""name"":""HyperEVM"",""nativeId"":999}]",
35101366,1756992079,165,0x988448fdca9106d6e0cd9095f5cacc8bed71f90bbfa9b1996a5823d0df4c41a9,0x9f51a04bf1018c1e0be35dd9ec5f885eb952b3e0,0x391e7c679d29bd940d63be94ad22a25d25b5a604,0x02d99d3a0d3120a2c0ca76e7eb25eae63e827f04fe000e,EVM,0x02,0xd99d3a0d3120a2c0ca76e7eb25eae63e827f04fe,,,,,,,,"[{""id"":14,""name"":""BSC Mainnet"",""nativeId"":56}]",
35101369,1756992085,196,0xd9874199514ef5e0e99030b9a77299a22927d8c86016a6a92aa9bc579b3729a5,0x13b8222bc7c02b038896fbafa096a9b9fed7aa1b,0x391e7c679d29bd940d63be94ad22a25d25b5a604,0x0101ae,SELF,0x01,,,,,,,,,"[{""id"":430,""name"":""HyperEVM"",""nativeId"":999}]",
35101370,1756992087,135,0xf6f3f9459566208a84d9587d6b4a8e86a77ced96b1f8e80d739861eae9fbfef5,0x20feff3cb0de17d35f2b3dec1d36343021047304,0x391e7c679d29bd940d63be94ad22a25d25b5a604,0x0101ae,SELF,0x01,,,,,,,,,"[{""id"":430,""name"":""HyperEVM"",""nativeId"":999}]",
35101376,1756992099,49,0x9bab8426010665abbae1da1c8207f836d199f0886c828a737c78b196f2947cd4,0x606a69edb673d9aca0cb10d36675e072b3adbb93,0x391e7c679d29bd940d63be94ad22a25d25b5a604,0x0100ff,SELF,0x01,,,,,,,,,"[{""id"":255,""name"":""Ethereum"",""nativeId"":1}]",
35101378,1756992103,81,0x61bd40e50097205d731295fd760b01c248982de71aa228b9e82f474be27912fa,0xe668cab6d7ccef3ecee81329a0587e24f5994889,0x391e7c679d29bd940d63be94ad22a25d25b5a604,0x023c86c607e48ac5ae872d2e4e950dd07b5a7efab0015a,EVM,0x02,0x3c86c607e48ac5ae872d2e4e950dd07b5a7efab0,,,,,,,,"[{""id"":346,""name"":""Etherlink"",""nativeId"":42793}]",
35101383,1756992113,51,0xe302dca8d337e4c5bac899ad6b2f9bedb9d8cfab9a8d30fdf5dbb6bd3f9c4ed0,0xa4297fc217ad9af9c3a5c51bf7059bd8de7c3e6b,0x391e7c679d29bd940d63be94ad22a25d25b5a604,0x02869c13be4161ad835b56d446a6568bace55a9ad9004b,EVM,0x02,0x869c13be4161ad835b56d446a6568bace55a9ad9,,,,,,,,"[{""id"":75,""name"":""Tron"",""nativeId"":1000001}]",
35101395,1756992137,87,0xac2ed1937ce93f14ae45407a50d5707c550a37e976b11096d136126b162c56be,0x977ffeb2d2ef26dd64e4eb580cac014bbeeaefd8,0x391e7c679d29bd940d63be94ad22a25d25b5a604,0x0101ae,SELF,0x01,,,,,,,,,"[{""id"":430,""name"":""HyperEVM"",""nativeId"":999}]",
35101398,1756992143,210,0x983cbcc6f185c4e9189af3a0eb3d28873e5f2ef84aa9336ecf9e7c73c18b4d65,0x9318fc3a11392579277b941a97e30918af32f0c5,0x391e7c679d29bd940d63be94ad22a25d25b5a604,0x0101ae,SELF,0x01,,,,,,,,,"[{""id"":430,""name"":""HyperEVM"",""nativeId"":999}]",
35101404,1756992155,87,0x39abbb6d761b2a14de4fe1baef84c83c2f97f6322398fb102f07a18dc86b56e7,0xec0d6335dff906bce894ad3cab2bc0f3942ef0bf,0x391e7c679d29bd940d63be94ad22a25d25b5a604,0x0101b1,SELF,0x01,,,,,,,,,"[{""id"":433}]",
35101417,1756992181,117,0xaa3809c0d87e6d67db849450bbab030526bbe6f531c14bdf755ede72adca060f,0xe2be9a32bbea79e6f8462ec06df9eb26cd845e1e,0x391e7c679d29bd940d63be94ad22a25d25b5a604,0x0101ae,SELF,0x01,,,,,,,,,"[{""id"":430,""name"":""HyperEVM"",""nativeId"":999}]",
35101421,1756992189,164,0x62bdef56f42f6b3226fb0d61682896ef86a6185553847a95676d9cefb2457e87,0xdb17363182aa5f9644011d50d889031017a014bc,0x391e7c679d29bd940d63be94ad22a25d25b5a604,0x0294533306c109a5032ea7bd69b7940bca0a2b5c3100ff,EVM,0x02,0x94533306c109a5032ea7bd69b7940bca0a2b5c31,,,,,,,,"[{""id"":255,""name"":""Ethereum"",""nativeId"":1}]",
35101428,1756992203,242,0xd431ac775b836e120d14487030038a2bca1fe2d80786cab5bac06de9459c7e7b,0x844d9e7ec803448b7c5893aa9ac9937ef93d14e8,0x391e7c679d29bd940d63be94ad22a25d25b5a604,0x010029,SELF,0x01,,,,,,,,,"[{""id"":41,""name"":""zkScroll"",""nativeId"":534352}]",
35101432,1756992211,224,0xf49f8dd52dee8413f31cd2e2fa4ee3a91a091754b3a05d15aecb67524213119d,0xfdf4a7d0abcf0802555ea7c4cd156b140797b6f4,0x391e7c679d29bd940d63be94ad22a25d25b5a604,0x0101f7,SELF,0x01,,,,,,,,,"[{""id"":503,""name"":""Mitosis"",""nativeId"":124816}]",
35101433,1756992213,58,0x2f59a1c46751e84e0776fba476a50e357f269a0a2d921c4bffd67102df32854c,0x3f391218ba00571f358a67b3abaee37b476ea0bc,0x391e7c679d29bd940d63be94ad22a25d25b5a604,0x0101ae,SELF,0x01,,,,,,,,,"[{""id"":430,""name"":""HyperEVM"",""nativeId"":999}]",
35101435,1756992217,24,0x946047b37e05940f54e9dad5a01c0a5cf9f47470650671f3f717edc06b842f77,0x068de19ce0b8f2cbabd943417f27e777cc0972c4,0x391e7c679d29bd940d63be94ad22a25d25b5a604,0x010015,SELF,0x01,,,,,,,,,"[{""id"":21,""name"":""Celo"",""nativeId"":42220}]",
35101435,1756992217,180,0x79fc293657dc474cb706b058942db8698662e4cd75c0edea28bb266ff9fa3137,0xc889efb22716c869ee8a8048ef65f204a0c80606,0x391e7c679d29bd940d63be94ad22a25d25b5a604,0x010039,SELF,0x01,,,,,,,,,"[{""id"":57,""name"":""Arbitrum One"",""nativeId"":42161}]",
35101437,1756992221,172,0xdc57abeb9a83530234ddf731f56c800f9a8aff6ecc15d642145d879a06476b97,0xa15b51576995cfc96a0d09fab95a9de39d6342b2,0x391e7c679d29bd940d63be94ad22a25d25b5a604,0x010154,SELF,0x01,,,,,,,,,"[{""id"":340,""name"":""Morph"",""nativeId"":2818}]",
35101445,1756992237,20,0xff42449df96366e15dd8190e23ca80ebf4385c99aa990b79f4918e1ee607f842,0x436550f547d15d95e43eeb9a010ad2558f9d8af0,0x391e7c679d29bd940d63be94ad22a25d25b5a604,0x0101ae,SELF,0x01,,,,,,,,,"[{""id"":430,""name"":""HyperEVM"",""nativeId"":999}]",
35101448,1756992243,27,0x286ffe526225cab7177f2b5d3fa6511060c1578dd2a73652e73b36dbe29b1f84,0x3153b38fcf36b7317049abe64e3e2c855173fbb1,0x391e7c679d29bd940d63be94ad22a25d25b5a604,0x0101ae,SELF,0x01,,,,,,,,,"[{""id"":430,""name"":""HyperEVM"",""nativeId"":999}]",
35101448,1756992243,50,0x537095b234a5b7cf70c9e42638aa1d559f14ad73cf8e4b0aa1e6a1f7e23284c5,0x4231364fba584563e416d5977a1336b4545dc2ae,0x391e7c679d29bd940d63be94ad22a25d25b5a604,0x0101ae,SELF,0x01,,,,,,,,,"[{""id"":430,""name"":""HyperEVM"",""nativeId"":999}]",
35101448,1756992243,57,0x6db7b10072564d914ca0918ee8decf07f052bdbfcee13c645c9c89473421e175,0xc3021808b3cae1d09bb50cddbebef456aa4b0b34,0x391e7c679d29bd940d63be94ad22a25d25b5a604,0x0101ae,SELF,0x01,,,,,,,,,"[{""id"":430,""name"":""HyperEVM"",""nativeId"":999}]",
35101448,1756992243,58,0x819d88dad90824c4912c959d31f837faf7f0ea3c5943f263e5477fd79f815553,0x8e3a2c9be27fc9088d890930b8b996a423ba6583,0x391e7c679d29bd940d63be94ad22a25d25b5a604,0x0101ae,SELF,0x01,,,,,,,,,"[{""id"":430,""name"":""HyperEVM"",""nativeId"":999}]",
35101452,1756992251,27,0x0a703e570585b5c20f54b9e690ffecf5ea2b9be20ef8954b82620b4087dd7101,0xa0ef5524777917011ff7f66a9a4ec9bbe4a8c8b9,0x391e7c679d29bd940d63be94ad22a25d25b5a604,0x0101ae,SELF,0x01,,,,,,,,,"[{""id"":430,""name"":""HyperEVM"",""nativeId"":999}]",
35101453,1756992253,199,0x2f4106a2076761c3ce0da4006618623d083676ec0d61ee7c279effaf097e052c,0xcc493a02024c6033b353a260d0c07046f3af1ac7,0x391e7c679d29bd940d63be94ad22a25d25b5a604,0x0101ae,SELF,0x01,,,,,,,,,"[{""id"":430,""name"":""HyperEVM"",""nativeId"":999}]",
35101467,1756992281,128,0x9e2367ebda73298668be0e95086f8d21ed0303b2df035e6d832c0b89b62e9256,0x36bb67cdf5c2be9405d7e45c260ef7ef029d12bc,0x391e7c679d29bd940d63be94ad22a25d25b5a604,0x0101ae,SELF,0x01,,,,,,,,,"[{""id"":430,""name"":""HyperEVM"",""nativeId"":999}]",
35101477,1756992301,316,0x76d3fb42790effabd3ba8cc9e1a814873d8308d2439786788f7c640d200d6362,0x13465666788281faf5cb3d1e88c94859d1e54c43,0x391e7c679d29bd940d63be94ad22a25d25b5a604,0x0101ae,SELF,0x01,,,,,,,,,"[{""id"":430,""name"":""HyperEVM"",""nativeId"":999}]",
35101479,1756992305,91,0x3bef4233c3f91d75be867b5fddccb155a71b6950a05bb6ec72dd500c22234e05,0x092c59db68f8401b2d724652125338bbdc30edfa,0x391e7c679d29bd940d63be94ad22a25d25b5a604,0x0101ae,SELF,0x01,,,,,,,,,"[{""id"":430,""name"":""HyperEVM"",""nativeId"":999}]",
35101479,1756992305,200,0x74fb2e5abcb26acbbe81dde34d6182c9eb3ff5842fa87717af8ecd9fe1a1bdb1,0x9b5d39228989a621ca351fef533fb3c5e03a790c,0x391e7c679d29bd940d63be94ad22a25d25b5a604,0x0101ae,SELF,0x01,,,,,,,,,"[{""id"":430,""name"":""HyperEVM"",""nativeId"":999}]",
35101479,1756992305,326,0xf1e9f89074a9d0f17dc5198ad04377b2e5d7ad4d3cd64b34d8800b0660edff4a,0x184520d9c9acc112b977415202d073f65c681531,0x391e7c679d29bd940d63be94ad22a25d25b5a604,0x0101db,SELF,0x01,,,,,,,,,"[{""id"":475}]",
35101490,1756992327,30,0x27d45c1802dd29e7fd75cbee3cc43a94246f6ccda9527770f4af5972b9e059e9,0x66d6439cc646feed504e7ff156c693d14465784f,0x391e7c679d29bd940d63be94ad22a25d25b5a604,0x02a926bf981a145da0cbaa4579bc7a9034eae2ced900f0,EVM,0x02,0xa926bf981a145da0cbaa4579bc7a9034eae2ced9,,,,,,,,"[{""id"":240,""name"":""Gravity"",""nativeId"":1625}]",
35101491,1756992329,22,0xd1f22cae5613c8b05774e970f61c56ddc678f9b439a40bd53040905d917a35e2,0xf617df87009ce94dfb4d08603882d64749dee58b,0x391e7c679d29bd940d63be94ad22a25d25b5a604,0x03af8117ebd90f8880c6fea5d91f1e7e142e5b233741b60e4d3acab2a38272d39c00f5,BASE58,0x03,,,Cp6X3Ze3vm7eGGTs9GUXEHsM1U379DbuJwhS3qGA8F3h,0xaf8117ebd90f8880c6fea5d91f1e7e142e5b233741b60e4d3acab2a38272d39c,true,,,,"[{""id"":245,""name"":""Solana"",""nativeId"":501474}]",
35101491,1756992329,119,0xbd8c13f39f7d998e9a7119ace448b49ccb97e952631b073ac783533b330961c6,0x21971ab73ad0a9ed0c8a90c0e91951d27c0bc603,0x391e7c679d29bd940d63be94ad22a25d25b5a604,0x03fd987ba5f5ccb935f287a2ff6ff40e4d0fee2a7e31fc3d87fd66a3958f88661a00f5,BASE58,0x03,,,J4w1FNfiRohfvcTTeu6qcfWJxDL71rzuPXKNYRsXGjdK,0xfd987ba5f5ccb935f287a2ff6ff40e4d0fee2a7e31fc3d87fd66a3958f88661a,true,,,,"[{""id"":245,""name"":""Solana"",""nativeId"":501474}]",
35101494,1756992335,23,0xc1ee4a6cec6d274dd9d7e37601aab1ab9bd71477a72c46b09cf58d92192f8ace,0x00b16857cdd2ac59832f4a7494e27d9030b81be1,0x391e7c679d29bd940d63be94ad22a25d25b5a604,0x0100ff,SELF,0x01,,,,,,,,,"[{""id"":255,""name"":""Ethereum"",""nativeId"":1}]",
35101495,1756992337,35,0xb18d936c216191c557fd2c90a55a250aae41ad5aa0ab92a9fde3f98b70ebe11c,0xb698cf96afcd531ad420b70b150389e02acc9369,0x391e7c679d29bd940d63be94ad22a25d25b5a604,0x0101ae,SELF,0x01,,,,,,,,,"[{""id"":430,""name"":""HyperEVM"",""nativeId"":999}]",
35101496,1756992339,91,0xfe3ef42f2a3df69d9a5f1c3fc58ab68cd03948d085f38dd4e00ccfdf437aaf6e,0xd56e67646fa0e52accf8917e262ad280d8681146,0x391e7c679d29bd940d63be94ad22a25d25b5a604,0x0101ae,SELF,0x01,,,,,,,,,"[{""id"":430,""name"":""HyperEVM"",""nativeId"":999}]",
35101512,1756992371,318,0x0c5c8979b8cc7d9be7423b3d6a0e4283b05dbe8d73effca4cad79f78638b8c30,0x079ca87d5dada431c45a309d06d006ee21ea12a7,0x391e7c679d29bd940d63be94ad22a25d25b5a604,0x0335924a9bbd5589ff5e084145509cdc903a41380089c98ec76a4c0912fb33be7200f5,BASE58,0x03,,,4c7zMZhXtFFy11D5kvHUXbmFtaE6XEg92SNLf424tZLV,0x35924a9bbd5589ff5e084145509cdc903a41380089c98ec76a4c0912fb33be72,true,,,,"[{""id"":245,""name"":""Solana"",""nativeId"":501474}]",
35101518,1756992383,264,0x89f7b03f65732e61bab74b1abed1a4481af2baaed0bb22dce05b4df3d167e1df,0x3f391218ba00571f358a67b3abaee37b476ea0bc,0x391e7c679d29bd940d63be94ad22a25d25b5a604,0x0101ae,SELF,0x01,,,,,,,,,"[{""id"":430,""name"":""HyperEVM"",""nativeId"":999}]",
35101521,1756992389,301,0xdba3ef0dc4fdb0008cb8303b0674e41df5d268c91a0bf16c6055eebe491a7eb3,0x2eb8c58bd0232581528079a964637e3af5220145,0x391e7c679d29bd940d63be94ad22a25d25b5a604,0x0101ae,SELF,0x01,,,,,,,,,"[{""id"":430,""name"":""HyperEVM"",""nativeId"":999}]",
35101526,1756992399,170,0xbb5429a5182852665670d1c866ca5b7095fe4b432bc8da507f010c3db072b5c0,0x257108ab5fb3f0474b580987e6481322ae2021ea,0x391e7c679d29bd940d63be94ad22a25d25b5a604,0x02a4a71153a8805a2d9c5967a998a148d342ec71e40036,EVM,0x02,0xa4a71153a8805a2d9c5967a998a148d342ec71e4,,,,,,,,"[{""id"":54,""name"":""Base Mainnet"",""nativeId"":8453}]",
35101531,1756992409,185,0x3e31a1e6e7367e2be34d1e4a9bcebeded4d9959ec5b7f8ef805c97d03d00174e,0x36bb67cdf5c2be9405d7e45c260ef7ef029d12bc,0x391e7c679d29bd940d63be94ad22a25d25b5a604,0x0101ae,SELF,0x01,,,,,,,,,"[{""id"":430,""name"":""HyperEVM"",""nativeId"":999}]",
35101543,1756992433,14,0xc2bee988b43daf41eaae00d0065a6116ed4043303dc6dc78531f20c1672f8290,0x1287be7308a4580bfcebe1acd3b263d013349b6f,0x391e7c679d29bd940d63be94ad22a25d25b5a604,0x0101f7,SELF,0x01,,,,,,,,,"[{""id"":503,""name"":""Mitosis"",""nativeId"":124816}]",
35101545,1756992437,67,0xb69a59ce4905f0952f8aeddf83791927291116eb589c815ab48c377404ff2c88,0xc862317f0a8e76f7f7eedced251896aed797bb34,0x391e7c679d29bd940d63be94ad22a25d25b5a604,0x0101db,SELF,0x01,,,,,,,,,"[{""id"":475}]",
35101547,1756992441,8,0xfed94efc5d38f2d8ae8384869b6e67f90ddabf24a3e298fb42e7dc9695b4743d,0x407502bf417923c5d47e4688dc28f980acf18c02,0x391e7c679d29bd940d63be94ad22a25d25b5a604,0x01000e,SELF,0x01,,,,,,,,,"[{""id"":14,""name"":""BSC Mainnet"",""nativeId"":56}]",
35101556,1756992459,143,0x2978a71ed61590ed11e595e9f467672537d2e07d872cde17babfdc96a3ff21fe,0x1cd1cfeb0c9acf4e31060f3f1e50bf3fd73c43d0,0x391e7c679d29bd940d63be94ad22a25d25b5a604,0x0101ae,SELF,0x01,,,,,,,,,"[{""id"":430,""name"":""HyperEVM"",""nativeId"":999}]",
35101564,1756992475,193,0x9c21deb21f5fc64ab1335106e5b3930670627ed8bf68d737cff5eea6cbc22fe4,0xa361c35e9c8f49eeb5b39629689b7c6ee5c2be4a,0x391e7c679d29bd940d63be94ad22a25d25b5a604,0x02c0602050e9992afdfbb96a63b937740c588b0139001100ff,EVM,0x02,0xc0602050e9992afdfbb96a63b937740c588b0139,,,,,,,,"[{""id"":17,""name"":""Polygon"",""nativeId"":137},{""id"":255,""name"":""Ethereum"",""nativeId"":1}]",
35101565,1756992477,262,0x7cda73a5e3becb558cc9120eb5a8f37e81090da21854ef8e166beef5dac68fec,0xdaf68744c952946f61c89fb0e01780799a61699c,0x391e7c679d29bd940d63be94ad22a25d25b5a604,0x0101ae,SELF,0x01,,,,,,,,,"[{""id"":430,""name"":""HyperEVM"",""nativeId"":999}]",
35101571,1756992489,47,0xcd85edb80fee4f8b364d9af364fab5ff4b052cc8af9e1e5b416e41d93020b562,0xe77433b3afe0cdd78415712049eddef6b1ed3045,0x391e7c679d29bd940d63be94ad22a25d25b5a604,0x0101ae,SELF,0x01,,,,,,,,,"[{""id"":430,""name"":""HyperEVM"",""nativeId"":999}]",
35101572,1756992491,192,0x8aa57982c551bf4b5ab7ec7ee494186b9622858f7f7aba79f456e44dd49ec32a,0x6e83915810a13680df7fdd941803a87ad9520761,0x391e7c679d29bd940d63be94ad22a25d25b5a604,0x0101ae,SELF,0x01,,,,,,,,,"[{""id"":430,""name"":""HyperEVM"",""nativeId"":999}]",
35101575,1756992497,104,0x5750b32d2bb160356a8157bf6ed4de951ea9650708a88260887b77f7030ded74,0x423689965c02924ff1a2f95ed0f7950c14c893ad,0x391e7c679d29bd940d63be94ad22a25d25b5a604,0x0101ae,SELF,0x01,,,,,,,,,"[{""id"":430,""name"":""HyperEVM"",""nativeId"":999}]",
35101582,1756992511,105,0xcece51daf35c43697a562e979e9bd4db26cac8f0aafddb52562166237ea6a913,0x8d0a74e2d09a5ded85f74e9e4b437380ca519a87,0x391e7c679d29bd940d63be94ad22a25d25b5a604,0x0360f095f701132aeaacab40bf007f8fdbb7bfc384a5a044c896aa52de1770cc4c00f5,BASE58,0x03,,,7XQv2fFiCkk1zZEAM3n3eiF1fcjQNdk7hGqs5DVAY4JX,0x60f095f701132aeaacab40bf007f8fdbb7bfc384a5a044c896aa52de1770cc4c,true,,,,"[{""id"":245,""name"":""Solana"",""nativeId"":501474}]",
35101587,1756992521,18,0x1e5a9272a7a85db654d06e0ddb28c7909a9933bb10b8ef62a112325d7ba59cc3,0x4aefd88708f3c6dbb39fd165667c991b24fc2709,0x391e7c679d29bd940d63be94ad22a25d25b5a604,0x010037,SELF,0x01,,,,,,,,,"[{""id"":55,""name"":""OP Mainnet"",""nativeId"":10}]",
35101604,1756992555,543,0x9bca397043a0cb9037cf1ab3b9ed96cb0edd7f7dcc4ec88ff3e2010763f3012a,0xd7203b1d4ac86d3ae880df4721ce61a724026337,0x391e7c679d29bd940d63be94ad22a25d25b5a604,0x0100ff,SELF,0x01,,,,,,,,,"[{""id"":255,""name"":""Ethereum"",""nativeId"":1}]",
35101608,1756992563,227,0x8c3474832012df5fd9b310057c4737cb91a7b6236c55d7d0c462589c010efa7b,0x4eef6cadc5329cb5b002d6cef5c0c48dceef22b1,0x391e7c679d29bd940d63be94ad22a25d25b5a604,0x0101ae,SELF,0x01,,,,,,,,,"[{""id"":430,""name"":""HyperEVM"",""nativeId"":999}]",
35101612,1756992571,335,0x6ddec43094b8e9b03dec8f2fc5331f0d08fe2e8e450d20804c54c8eab437db18,0x09dfa0d77125978997dd9f94a0f870d3f2900da5,0x391e7c679d29bd940d63be94ad22a25d25b5a604,0x010015,SELF,0x01,,,,,,,,,"[{""id"":21,""name"":""Celo"",""nativeId"":42220}]",
35101623,1756992593,41,0x83320c03232d636885778763f9ec91cd2bbe8e28e418a1dbcd42ed9f1585e6ea,0x225c1ec325d7db1cc2b79878d6ab22459ee185a9,0x391e7c679d29bd940d63be94ad22a25d25b5a604,0x0101ae,SELF,0x01,,,,,,,,,"[{""id"":430,""name"":""HyperEVM"",""nativeId"":999}]",
35101624,1756992595,106,0xe89a496823c91d5a519dde9576448b74b14d100a134058f4da6e66c00308df27,0x10c790aea1d096f71fbb1ffb0e7f1d930d6ea756,0x391e7c679d29bd940d63be94ad22a25d25b5a604,0x01019e,SELF,0x01,,,,,,,,,"[{""id"":414,""name"":""Soneium"",""nativeId"":1868}]",
35101648,1756992643,15,0x1e1fa6bf3524ab503cf0eee538a1f417c7c8a8aa1874c9c70f2d3c48eb6c9179,0xe19cd7eb1cf8cb65332426c660fb2bd733fba381,0x391e7c679d29bd940d63be94ad22a25d25b5a604,0x038a4849138d7a203137be5f5c34d3b730a1472e1d2e409fe6425f514f5232e6be00f5,BASE58,0x03,,,AJoC8bdqavv9KGpMrifzn3EEy3sfpov5ATpnbaG9KMTT,0x8a4849138d7a203137be5f5c34d3b730a1472e1d2e409fe6425f514f5232e6be,true,,,,"[{""id"":245,""name"":""Solana"",""nativeId"":501474}]",
35101663,1756992673,34,0xc9e5b98bd08240c19bbdac56a3d888824eb7355a9f251abb48a34ba80b970885,0x168a09cbb8fcbcec0b9ab145fce48fa6ef4d94de,0x391e7c679d29bd940d63be94ad22a25d25b5a604,0x010066,SELF,0x01,,,,,,,,,"[{""id"":102}]",
35101670,1756992687,94,0xa5a546bcf3627f3932c93d397d0f46cd21aab88f04cd86c1122eab463b211980,0x7029fb7080747d9b1b502a8d61d7048190ac9b77,0x391e7c679d29bd940d63be94ad22a25d25b5a604,0x0101ae,SELF,0x01,,,,,,,,,"[{""id"":430,""name"":""HyperEVM"",""nativeId"":999}]",
35101670,1756992687,249,0xbc9ba3cb2667c4ad937093a39d3d83cc2640d439628f82cfe16c2490cbbd1f32,0xf57377c9fb1b3cdf1ff007b884e246635cb8b5d2,0x391e7c679d29bd940d63be94ad22a25d25b5a604,0x02185c04cdd6c8db95909b2459def0dd0a29a3a3ad00ff,EVM,0x02,0x185c04cdd6c8db95909b2459def0dd0a29a3a3ad,,,,,,,,"[{""id"":255,""name"":""Ethereum"",""nativeId"":1}]",
35101671,1756992689,140,0x132552fd8ec0e6fbe820065622b78a3916d592714f6ffc59e94e471786fe2411,0x38201633a07c0381196faff86711f95192ee5042,0x391e7c679d29bd940d63be94ad22a25d25b5a604,0x0101f7,SELF,0x01,,,,,,,,,"[{""id"":503,""name"":""Mitosis"",""nativeId"":124816}]",
35101683,1756992713,201,0x909bc3eaa1f2e2ef9ffd588caa092d2abeecae81da6474018594d077ff3a3c9b,0x3794107643faaccdc72411e5f81b7989e0c79efd,0x391e7c679d29bd940d63be94ad22a25d25b5a604,0x01003b,SELF,0x01,,,,,,,,,"[{""id"":59,""name"":""Linea"",""nativeId"":59144}]",
35101684,1756992715,46,0xd919265ae5ef22afc40bf096b862d8ca42b786d4346ae14f0198aa548e59c371,0x02cfa034b4e0db05c72e43ca6b457fd05c76a139,0x391e7c679d29bd940d63be94ad22a25d25b5a604,0x0101ae,SELF,0x01,,,,,,,,,"[{""id"":430,""name"":""HyperEVM"",""nativeId"":999}]",
35101693,1756992733,22,0x4eb1268ef11ba1c9be3cffd8521595699fc7d9a353280add57183992590f083d,0x24749aedf18208ab74a8110e07e820286bb5acf8,0x391e7c679d29bd940d63be94ad22a25d25b5a604,0x0101ae0037,SELF,0x01,,,,,,,,,"[{""id"":430,""name"":""HyperEVM"",""nativeId"":999},{""id"":55,""name"":""OP Mainnet"",""nativeId"":10}]",
35101697,1756992741,56,0xf4e8f10264d79e1195455a9871529aa8e090cfecc2e3d048eacb9ed0de02e195,0x525f5235aed1d3f9439f7d6450da575f2bf99b05,0x391e7c679d29bd940d63be94ad22a25d25b5a604,0x0101ae,SELF,0x01,,,,,,,,,"[{""id"":430,""name"":""HyperEVM"",""nativeId"":999}]",
35101697,1756992741,57,0x715666fcf10a41547998c1b8a37703fd0a4a7fcd05a1f02cb81a15e5c961ee21,0x7de0ea20d4f416037a64b5e307835771eb83b83f,0x391e7c679d29bd940d63be94ad22a25d25b5a604,0x0101ae,SELF,0x01,,,,,,,,,"[{""id"":430,""name"":""HyperEVM"",""nativeId"":999}]",
35101697,1756992741,94,0x6e7ab27e5b5108fce063e246a7ad2f3bdf77a6964c9add851a2f76451dfb66bf,0xba7bcbecb6685801e68224acaefe158481a4da4c,0x391e7c679d29bd940d63be94ad22a25d25b5a604,0x01000e,SELF,0x01,,,,,,,,,"[{""id"":14,""name"":""BSC Mainnet"",""nativeId"":56}]",
35101699,1756992745,38,0xe1f023d4bc3b1add62c4590d8024952cbb1dfab61aba74b583f5d6789c13c898,0x9cdb061b82ee7852d54f68d19526a7d8a6f12f2d,0x391e7c679d29bd940d63be94ad22a25d25b5a604,0x01000e,SELF,0x01,,,,,,,,,"[{""id"":14,""name"":""BSC Mainnet"",""nativeId"":56}]",
35101704,1756992755,66,0x44ce79609a40412a8ee79e7c023d503b8fff5ee0b6276b067a551da2360df7da,0x74ea4d2324829f3c1b4dc971f5bf234d46fcac1b,0x391e7c679d29bd940d63be94ad22a25d25b5a604,0x0100f9,SELF,0x01,,,,,,,,,"[{""id"":249,""name"":""Taiko"",""nativeId"":167000}]",
35101716,1756992779,195,0xa46ebb085f421a862b0524ad3b95abf58aae4b43c3a166287e2d2033f588109a,0x8488f933b1f3ed31cc7caee86b4e3d0d0bec9928,0x391e7c679d29bd940d63be94ad22a25d25b5a604,0x0101f7,SELF,0x01,,,,,,,,,"[{""id"":503,""name"":""Mitosis"",""nativeId"":124816}]",
35101718,1756992783,289,0xc52dd1965bbec2b180fb0152fe89f5b505b570b3d7d350cccb8175adaae18e02,0xabf1dce0da541134d843ba3db4135d95b4f28cbd,0x391e7c679d29bd940d63be94ad22a25d25b5a604,0x0101ae,SELF,0x01,,,,,,,,,"[{""id"":430,""name"":""HyperEVM"",""nativeId"":999}]",
35101718,1756992783,290,0xacb220db95cb951f92d300dcb749974cfee0ff115ce762130aaaf5d15ad324b8,0xd9431132e4e47d98183cb45ceb30a1271541feff,0x391e7c679d29bd940d63be94ad22a25d25b5a604,0x0101ae,SELF,0x01,,,,,,,,,"[{""id"":430,""name"":""HyperEVM"",""nativeId"":999}]",
35101718,1756992783,291,0x90c0df1017f325ea67f945798f32537c26f175e7847904fff5558455cff505ce,0xac4d54d24876ec9219945d66a83e66da960ed221,0x391e7c679d29bd940d63be94ad22a25d25b5a604,0x0101ae,SELF,0x01,,,,,,,,,"[{""id"":430,""name"":""HyperEVM"",""nativeId"":999}]",
35101718,1756992783,292,0xc2591cfe4ba019cbee35bf4dd9472eae4dfae694188d55078d1f18b71a6a24b1,0x292b114124d648e8178cbd13a708aa46496945d3,0x391e7c679d29bd940d63be94ad22a25d25b5a604,0x0101ae,SELF,0x01,,,,,,,,,"[{""id"":430,""name"":""HyperEVM"",""nativeId"":999}]",
35101718,1756992783,310,0x1819b85aa39fe07c0198d1457f441abc4828611fb5f90a8bf402d88bcc006e60,0x519bbe30b2dbac12ae34f6b6856a7872efa85d74,0x391e7c679d29bd940d63be94ad22a25d25b5a604,0x0101ae,SELF,0x01,,,,,,,,,"[{""id"":430,""name"":""HyperEVM"",""nativeId"":999}]",
35101718,1756992783,311,0xad4a6655c3eca222434f4c237db9955f58bd42af6ea2261c0fb29f04e344ba93,0x5b4459a070e81b6e23597a0a91757a16c5d846e7,0x391e7c679d29bd940d63be94ad22a25d25b5a604,0x0101ae,SELF,0x01,,,,,,,,,"[{""id"":430,""name"":""HyperEVM"",""nativeId"":999}]",
35101736,1756992819,37,0xbd8aaf48384327fd8ede361e6020255839cfffb33071fbe17b9af2cf4dff7626,0x65a816e4fcd5f28f99bf976f478387a2ae504d26,0x391e7c679d29bd940d63be94ad22a25d25b5a604,0x0101ae,SELF,0x01,,,,,,,,,"[{""id"":430,""name"":""HyperEVM"",""nativeId"":999}]",
35101744,1756992835,11,0x6ba052926cc2e72505f6928ad98cb682840aa77a7fa8fe973344a88a412aa0a4,0xaff899c3648a561151e8e9b4e603cb1d1854e817,0x391e7c679d29bd940d63be94ad22a25d25b5a604,0x0101ae,SELF,0x01,,,,,,,,,"[{""id"":430,""name"":""HyperEVM"",""nativeId"":999}]",
35101746,1756992839,34,0x391deb0231be7d1ee06f8779eae8e03ca5cbdb45334851ec03078f2622e93e76,0xafef1038b91926b8f1cf4c43a01347d842f94cd0,0x391e7c679d29bd940d63be94ad22a25d25b5a604,0x0101ae,SELF,0x01,,,,,,,,,"[{""id"":430,""name"":""HyperEVM"",""nativeId"":999}]",
35101746,1756992839,35,0x5b5f654f7c826fb6a9309bc9d16e1851f3df11bf055c4278491e9e97f6a2622a,0x1622975c11cc3f3d68d2e4a058c3cd0f50d0baab,0x391e7c679d29bd940d63be94ad22a25d25b5a604,0x0101ae,SELF,0x01,,,,,,,,,"[{""id"":430,""name"":""HyperEVM"",""nativeId"":999}]",
35101746,1756992839,36,0xe91dc6f8561e7d333491bb1a971ad097a1abb1eb43055d0e4009446d87e273d0,0x1381e4193f7a2b4d89ff736dbe6d3a2bd80b7edf,0x391e7c679d29bd940d63be94ad22a25d25b5a604,0x0101ae,SELF,0x01,,,,,,,,,"[{""id"":430,""name"":""HyperEVM"",""nativeId"":999}]",
35101746,1756992839,37,0xfe4247c3e80309812ae6a1b7b829cc34288a8ecb11b009dbae6a7514c4a15ea8,0x5c2d0850c4fc8517bd357c81f429450fa6af3316,0x391e7c679d29bd940d63be94ad22a25d25b5a604,0x0101ae,SELF,0x01,,,,,,,,,"[{""id"":430,""name"":""HyperEVM"",""nativeId"":999}]",
35101746,1756992839,38,0x752240aa6b20f62e5566d86cddce0df66b5c62bdb4904749d028c97893289e7a,0xcff8f0f5f1ad37adbeef5978b30b17f0fd2c9063,0x391e7c679d29bd940d63be94ad22a25d25b5a604,0x0101ae,SELF,0x01,,,,,,,,,"[{""id"":430,""name"":""HyperEVM"",""nativeId"":999}]",
35101746,1756992839,39,0xb98404aa25e22f28750cbe5bc30ab0e2ed245b2a9dcf907729bfc9305b836e27,0x175d1c8f9103c3a3dd4504e8c990c5a75ae4d0c7,0x391e7c679d29bd940d63be94ad22a25d25b5a604,0x0101ae,SELF,0x01,,,,,,,,,"[{""id"":430,""name"":""HyperEVM"",""nativeId"":999}]",
35101746,1756992839,227,0x47e7f940eb43d7e116639b5455b875ab356801101d1b552e5fbc248ae192f06c,0xdd00aaebaa7b3f5f7b24c6715ff3fe8d8913958d,0x391e7c679d29bd940d63be94ad22a25d25b5a604,0x0100f6,SELF,0x01,,,,,,,,,"[{""id"":246,""name"":""Sei"",""nativeId"":1329}]",
35101753,1756992853,181,0x2d17d5858ea4ee0e34aef5bd6a4003fb2bd86c8799bd04aeea91e793f61510e0,0x0743f5845a5e5e6e71902544a7be4308de1be57d,0x391e7c679d29bd940d63be94ad22a25d25b5a604,0x010093,SELF,0x01,,,,,,,,,"[{""id"":147,""name"":""Bitlayer"",""nativeId"":200901}]",
35101754,1756992855,65,0x286327f62cabb2365fcbb1a357e6efe7b1852a3b135c7d31f9681aabe372964a,0xba25fd6314e9759ad9515afe11a487aabeee97d7,0x391e7c679d29bd940d63be94ad22a25d25b5a604,0x0101ae,SELF,0x01,,,,,,,,,"[{""id"":430,""name"":""HyperEVM"",""nativeId"":999}]",
35101754,1756992855,83,0x39e2274d14520b593ddfa863a8310f4fe8a18dc193eb2ebe320ba3bec8aeeff1,0xa6b2910a08bd4d0e0380897e1ba6379a298286b3,0x391e7c679d29bd940d63be94ad22a25d25b5a604,0x0101ae,SELF,0x01,,,,,,,,,"[{""id"":430,""name"":""HyperEVM"",""nativeId"":999}]",
35101761,1756992869,23,0x8e0c6b99dc19fd301f39ce895cc173483f4928695f265d016e467c3b4fb32e06,0xa4a71153a8805a2d9c5967a998a148d342ec71e4,0x391e7c679d29bd940d63be94ad22a25d25b5a604,0x02c88f6da94982b6cfeec3464d2e66a2fd282964310039,EVM,0x02,0xc88f6da94982b6cfeec3464d2e66a2fd28296431,,,,,,,,"[{""id"":57,""name"":""Arbitrum One"",""nativeId"":42161}]",
35101766,1756992879,195,0x6aa715d079d76ca7a42c3eebaa2217d887b09da67cea1bd28eb1da2e2c898cc5,0x60de17b69d70c5e1f27255fa734e1fe9f43fb5ee,0x391e7c679d29bd940d63be94ad22a25d25b5a604,0x0101e5,SELF,0x01,,,,,,,,,"[{""id"":485,""name"":""Katana"",""nativeId"":747474}]",
35101774,1756992895,215,0x5b88f5b79c4f2285da2e1e67b438a708c995bce13d7bf531880d984376dafd40,0x1a72631755b3929e37e210567e25bc507084265d,0x391e7c679d29bd940d63be94ad22a25d25b5a604,0x0101ae,SELF,0x01,,,,,,,,,"[{""id"":430,""name"":""HyperEVM"",""nativeId"":999}]",
35101789,1756992925,26,0x188a29b7fb224cb8bd5be59bceb32853d9f746128ac630f93de44f66a7c344f2,0x7ec69562382fdea85615a7f70d7452a291df86fd,0x391e7c679d29bd940d63be94ad22a25d25b5a604,0x030b049b24a5f41bd90743e763424671b874cee8e4973aac0034001d145821dbf800f5,BASE58,0x03,,,k1ZP29X6A6qoR8A1fMZkUy5rtHkepsPCcQniAM3np5D,0x0b049b24a5f41bd90743e763424671b874cee8e4973aac0034001d145821dbf8,true,,,,"[{""id"":245,""name"":""Solana"",""nativeId"":501474}]",
35101789,1756992925,46,0x715d8700526555d712470b94b8bbc2bb2fdd7da726e8e14b191c955bd318eb5e,0x240a1d70c3412d041e42509d1e495ccc204a86ed,0x391e7c679d29bd940d63be94ad22a25d25b5a604,0x0100ff,SELF,0x01,,,,,,,,,"[{""id"":255,""name"":""Ethereum"",""nativeId"":1}]",
35101792,1756992931,239,0x124a014fdab32fca64e8d70c3c2aefa001b0eaae6aad4a28823a43e1a7c97c4b,0xdcbc4cc2f00770ff34d21e38971ab41a8e7573e9,0x391e7c679d29bd940d63be94ad22a25d25b5a604,0x0101ae,SELF,0x01,,,,,,,,,"[{""id"":430,""name"":""HyperEVM"",""nativeId"":999}]",
35101795,1756992937,381,0x89b1f5b96955354c2d68206a0984c713310790c15f0afe5b71beb7586abbba2f,0x5616b9b0f9ccead6e9d87a3b07c1c66497b4026f,0x391e7c679d29bd940d63be94ad22a25d25b5a604,0x010011,SELF,0x01,,,,,,,,,"[{""id"":17,""name"":""Polygon"",""nativeId"":137}]",
35101798,1756992943,49,0xdfbaf96c46437c75e13dbdc6bbe7410352cbb2b15420354175fb4b09e9e2bddc,0xea5755ae36e3d1775c3f21b0929ed404545b917c,0x391e7c679d29bd940d63be94ad22a25d25b5a604,0x0101ae,SELF,0x01,,,,,,,,,"[{""id"":430,""name"":""HyperEVM"",""nativeId"":999}]",
35101800,1756992947,119,0xb4a9b767be5d449ce1263d3e90d7378e952ae9166556f53b7f74c953c13bedff,0x318af75decfb325dbeec5c5442d3628ff8f072ac,0x391e7c679d29bd940d63be94ad22a25d25b5a604,0x0101f7,SELF,0x01,,,,,,,,,"[{""id"":503,""name"":""Mitosis"",""nativeId"":124816}]",
35101801,1756992949,220,0xf66dee1b29fa9ff88e309f9380a07539543378fa1fd95b09b84f8e9d46069c20,0x895b25840f7887e6b3748a1475b8c8f746c0ba53,0x391e7c679d29bd940d63be94ad22a25d25b5a604,0x032b0e12ab4141e0b1a6befa97357157de4e9abeb0b3662adf94517625e6fa5aa200f5,BASE58,0x03,,,3u4ygChCgH7h4XjgnAJFECv2JR7APAcuw5C9Gt519pY1,0x2b0e12ab4141e0b1a6befa97357157de4e9abeb0b3662adf94517625e6fa5aa2,true,,,,"[{""id"":245,""name"":""Solana"",""nativeId"":501474}]",
35101805,1756992957,184,0xd55bb9d3c9ba71a71fe0881884bca71c791d65a31a36033005a89592d8c5e40c,0x63793f7a573e2d08f0ea0c4b7cb473dba42dea98,0x391e7c679d29bd940d63be94ad22a25d25b5a604,0x0100ff,SELF,0x01,,,,,,,,,"[{""id"":255,""name"":""Ethereum"",""nativeId"":1}]",
35101806,1756992959,147,0xf02f62cd4bcf0467038867d06792a2fc2853cb59937044f7bbd7ee67d72ce1d4,0xdcbc4cc2f00770ff34d21e38971ab41a8e7573e9,0x391e7c679d29bd940d63be94ad22a25d25b5a604,0x01003b,SELF,0x01,,,,,,,,,"[{""id"":59,""name"":""Linea"",""nativeId"":59144}]",
35101808,1756992963,115,0x4c9995465f2d0329ef8f86487735870e08acee8237443adc596df82baea165c5,0xa904d011615bc2f630f93d776a76ce03f695a82d,0x391e7c679d29bd940d63be94ad22a25d25b5a604,0x0101ae,SELF,0x01,,,,,,,,,"[{""id"":430,""name"":""HyperEVM"",""nativeId"":999}]",
35101817,1756992981,13,0xb65520a683b5af5e645e042e6389356c2fce2649076d6b026513d906f769d8fa,0x67491aa0baefc36dae58785fe141782a5d42154b,0x391e7c679d29bd940d63be94ad22a25d25b5a604,0x0101ae,SELF,0x01,,,,,,,,,"[{""id"":430,""name"":""HyperEVM"",""nativeId"":999}]",
35101820,1756992987,96,0xc9f8dcb07a0fe7806923483503caa6ed3f79f56c61e35c2b0b473701732dab98,0xdcbc4cc2f00770ff34d21e38971ab41a8e7573e9,0x391e7c679d29bd940d63be94ad22a25d25b5a604,0x0101c2,SELF,0x01,,,,,,,,,"[{""id"":450,""name"":""Plume"",""nativeId"":98866}]",
35101821,1756992989,109,0xd32084ca7425b50fb1941bb77ba78559bbf091c5065ec8be94bd56c5dcd2532d,0xd55569914d4510df30b090bc4c2a7bd31fe7a9e8,0x391e7c679d29bd940d63be94ad22a25d25b5a604,0x010011,SELF,0x01,,,,,,,,,"[{""id"":17,""name"":""Polygon"",""nativeId"":137}]",
35101824,1756992995,267,0xb27c12f0d267e139ae73cae769e11c6e15c50f981340e7c2330e6939a1bd1e83,0x38297e21d084ffdb93cb260162f12b510ce723c6,0x391e7c679d29bd940d63be94ad22a25d25b5a604,0x0101ae,SELF,0x01,,,,,,,,,"[{""id"":430,""name"":""HyperEVM"",""nativeId"":999}]",
35101830,1756993007,18,0x8e03a16bba99f46c113d33c1a312323f27b71870b139c5f58470ca31d7fa5e62,0xce80a32f1fd7a1ebbdb9384a5c63792085ecc72d,0x391e7c679d29bd940d63be94ad22a25d25b5a604,0x0101f7,SELF,0x01,,,,,,,,,"[{""id"":503,""name"":""Mitosis"",""nativeId"":124816}]",
35101832,1756993011,37,0xa2fec47fca1fe1e9a54e89bac7acc3140f37be75a5b0f29873ba82fc89f5fe2f,0xee9d9ef3d9dba3e72349839aef628a74a8b55b0c,0x391e7c679d29bd940d63be94ad22a25d25b5a604,0x0101f7,SELF,0x01,,,,,,,,,"[{""id"":503,""name"":""Mitosis"",""nativeId"":124816}]",
35101835,1756993017,18,0x5075a6d2d783100fda96dfb86ab85cf73387e05e6828d180c1c9f72702a50f25,0x393934057f35a4acd218debd5b19629a8b524540,0x391e7c679d29bd940d63be94ad22a25d25b5a604,0x0101ae,SELF,0x01,,,,,,,,,"[{""id"":430,""name"":""HyperEVM"",""nativeId"":999}]",
35101836,1756993019,154,0x8897d6e65d35e9de2589b70836597a7a1843edb1af423d8ebce804281436a1ac,0x493b34aa14c4ab76775d11694fe2710157e1a6a2,0x391e7c679d29bd940d63be94ad22a25d25b5a604,0x0101ae,SELF,0x01,,,,,,,,,"[{""id"":430,""name"":""HyperEVM"",""nativeId"":999}]",
35101847,1756993041,155,0x430eee20d91f61a747f8d049b53043f9d01540299476661e496dfb384fafab18,0x440177e837c54cfe6b23f9cd25e2aefe97065fde,0x391e7c679d29bd940d63be94ad22a25d25b5a604,0x01003b,SELF,0x01,,,,,,,,,"[{""id"":59,""name"":""Linea"",""nativeId"":59144}]",
35101854,1756993055,136,0xd5c1155afd8a9b9e1e6c1ee9b78ec722cfe98e8d93fbfe31211049c35d8dc41e,0x29ffe37f40429b67b7e68b49bcfbd00fe5b16f41,0x391e7c679d29bd940d63be94ad22a25d25b5a604,0x0101ae,SELF,0x01,,,,,,,,,"[{""id"":430,""name"":""HyperEVM"",""nativeId"":999}]",
35101857,1756993061,325,0xed8394f4c330214696271022420c698c9ad28ec8df8020727c55b378cfd351a4,0xf58a8c98e1c4f4d2eafa19d7bc1ad8c9da68825c,0x391e7c679d29bd940d63be94ad22a25d25b5a604,0x0320fe0e4c1c8298049da099ea629b775fd3b6184ce7147f3c34b17ea44b566f9900f5,BASE58,0x03,,,3DnjcE2rUYyS7Ap5A3rkxphDbAcLsHrhgFtVAQnCm1tU,0x20fe0e4c1c8298049da099ea629b775fd3b6184ce7147f3c34b17ea44b566f99,true,,,,"[{""id"":245,""name"":""Solana"",""nativeId"":501474}]",
35101857,1756993061,326,0x9e8b62a304d8a9e6c261264c2f5e01b21a8e47882d61bbb49ba934a6406c789c,0xbac56cc363c2053b4c748d63fa8bd6960719c020,0x391e7c679d29bd940d63be94ad22a25d25b5a604,0x03f7ece10955e8ae3bb6276c3b8fabe3ce553b4d8f317a5ba9e751d5871b8a1bd600f5,BASE58,0x03,,,HgoCWM2pbqKGjxCngCfju94sy68M1J2HJN3avt9w5ovV,0xf7ece10955e8ae3bb6276c3b8fabe3ce553b4d8f317a5ba9e751d5871b8a1bd6,true,,,,"[{""id"":245,""name"":""Solana"",""nativeId"":501474}]",
35101876,1756993099,215,0x95b583f7a64130f4870b54415e0bf260ec256c1ecf2dbd108b789c4a7ac2b5e4,0x2464ec58da38dabdaccf8b7eeb136aec82fceac4,0x391e7c679d29bd940d63be94ad22a25d25b5a604,0x0101ae,SELF,0x01,,,,,,,,,"[{""id"":430,""name"":""HyperEVM"",""nativeId"":999}]",
